ID_Cliente,Nome_Cliente,Email,Cidade,Estado,Tipo_Cliente
1,James Cruz,juan22@evans.net,Amyborough,MT,VIP
2,Andrew Thompson,anthony24@davenport.org,Gonzalesland,OH,Regular
3,Paul Lester,pharrison@gmail.com,Knightville,CO,Regular
4,Jesse Roberts,kathrynharding@gmail.com,New Diane,ID,VIP
5,Michael Alvarez,jcampbell@smith-moreno.biz,Claytonview,MD,Regular
6,Todd Patel,ericfields@rich.com,Port Clayton,MN,Regular
7,Karen Wyatt,brownamy@benson.com,Leeland,MT,VIP
8,Lisa Nolan,meadowsabigail@yahoo.com,South George,MS,Regular
9,Emily Molina,goliver@gmail.com,Brittanyville,NC,Regular
10,Taylor Hall,dfuentes@yahoo.com,Welchville,WI,Regular
11,Andrew Livingston,ldavis@yahoo.com,South Lisaton,NE,Regular
12,Jeremy Brown,zachary44@hunt-mata.biz,West Nicholas,GA,VIP
13,Brian Cobb,crystalweber@hotmail.com,Campbellland,NV,VIP
14,Katherine Dillon,raven80@hansen.biz,West Debratown,ND,Regular
15,Carlos Mills,jeremy07@hotmail.com,Thompsonmouth,NH,VIP
16,Crystal Harris,brianna01@hotmail.com,North Jacobview,OH,VIP
17,Albert Gonzalez,mwelch@stokes.com,South Annafurt,LA,Regular
18,Ashley Gutierrez,maciasdana@gmail.com,New Richardfurt,AZ,Regular
19,Ryan Richardson,samuel73@yahoo.com,Christopherberg,SC,Regular
20,Alicia Benitez,robertstaylor@edwards-meyers.com,Port Angelaborough,RI,VIP
21,Alejandra Taylor,eric93@yahoo.com,North David,VT,Regular
22,Eric Rogers,owenskara@phillips.com,North Kristinaside,MN,VIP
23,Paul May,tanyapaul@perez.com,New Williamville,MS,VIP
24,John Small,lisa56@gmail.com,East Kelly,IL,Regular
25,Ashley Berry,mendozamichele@yahoo.com,Taylormouth,NM,VIP
26,Kimberly Brooks,julie99@yahoo.com,Davidport,WI,VIP
27,Dwayne Paul,jeremy24@gmail.com,Matthewhaven,GA,VIP
28,Rebekah Smith,zhorn@hotmail.com,South Josephburgh,MA,VIP
29,Jacob Christian,ksmith@yahoo.com,West Charles,MI,VIP
30,Joshua Lee,batesgregory@hotmail.com,Kristintown,NE,Regular
31,Susan Miller,kaiserandrea@austin.com,West Veronicachester,WA,VIP
32,Alison Jenkins,yanthony@yahoo.com,North Helenborough,AK,VIP
33,Gloria Ward,scottcaldwell@robinson.org,Keithmouth,KY,Regular
34,Gregory Carson,barbarawyatt@gmail.com,Lake Shawn,OK,Regular
35,Jon Hawkins,campbelldavid@horton.com,Staciemouth,FL,Regular
36,Tonya Johnson,laurakey@riley.info,Matthewport,DE,Regular
37,Bradley Davidson,troy85@yahoo.com,Hardingbury,WY,VIP
38,Jake Robinson,tracey85@gmail.com,New Andrew,ME,Regular
39,Stephen West,mitchellkurt@yahoo.com,North Eric,MO,VIP
40,Jeffrey Davies,porternancy@hotmail.com,New Debraborough,LA,VIP
41,Anthony White,antoniolopez@rowe.com,Port Jasonfort,SC,VIP
42,Patrick Hernandez,mcgeekari@gmail.com,Lake Robin,ID,Regular
43,Brandon Welch,thorntonmelinda@yahoo.com,Tonyaport,DC,Regular
44,Gordon Frost,destiny68@murphy.net,New Lauren,NM,VIP
45,Terry Bowen,dhickman@williams.com,Houstonmouth,PA,Regular
46,Matthew Salas,jennifer60@wilson-turner.com,Lake Patrickbury,KS,VIP
47,Kurt Mckenzie,kevinfrazier@hotmail.com,Christophertown,DC,Regular
48,Kristen Shields,ernest03@hotmail.com,Margarethaven,AR,VIP
49,Theresa Davis,donnablackwell@benitez-porter.com,Lake Jenniferstad,NM,VIP
50,Nicholas Hubbard,ksantana@yahoo.com,Jamesmouth,AL,Regular
51,Michael Williamson,bernard15@gilmore.com,East Matthewville,IL,Regular
52,Daniel Williams,johnturner@hotmail.com,East Stephenbury,PA,Regular
53,Timothy Nelson,samuelmcpherson@gmail.com,Port Heather,NE,VIP
54,Kathryn Pacheco,gwebster@yahoo.com,Goldenville,MD,VIP
55,Julie Miller,qwest@williams-miller.info,North Emmashire,AZ,VIP
56,Michele Vargas,rogersthomas@pena-cole.net,Lake Jamesport,TX,VIP
57,Daniel Rojas,johnsonapril@ortiz.com,South Dylan,UT,Regular
58,Jennifer Thomas,michelle12@maxwell-simmons.com,North Cynthia,UT,VIP
59,Tony Davis,thomasaustin@ramirez-powell.com,Jamesshire,AZ,Regular
60,Todd Barnes,bpayne@shannon.com,Millerfurt,VA,Regular
61,Ryan Montgomery,eric76@morris.biz,Lake Kimberlyside,AZ,Regular
62,Rachael Jarvis,matthew49@long-stout.org,New Matthew,NY,VIP
63,Emily Williams,ebuchanan@moore.com,East Anthony,AL,Regular
64,Michael Yoder,mwallace@wright-smith.com,East Amyview,LA,VIP
65,Gregory Walker,edunn@fleming.biz,Lake Brian,SD,VIP
66,Ethan Robinson,vnavarro@hotmail.com,North Philip,LA,Regular
67,Holly Campbell,heidi30@gmail.com,Janeburgh,FL,Regular
68,Christine Olson,troycarr@martinez-jones.info,Ramirezside,NJ,Regular
69,Jacob Novak,victoria23@yahoo.com,Johnsonfurt,DE,Regular
70,Clifford Gill DVM,zacharymartin@richards-roman.com,Jenniferfurt,LA,VIP
71,Jeffery Thompson,mike83@glover-clark.org,North Emmatown,HI,Regular
72,Jeffrey Garcia,bensonzachary@gmail.com,Donaldview,AR,Regular
73,Meghan Young,joseph84@craig.com,Port Victoria,CT,Regular
74,Gabriel Trujillo,riddleeric@knight.com,Port Emily,FL,VIP
75,Dr. Danielle Rosario,vrichard@yahoo.com,New Jessicaborough,IL,VIP
76,Zachary Hill,jhughes@pennington.com,Lake Rogerfurt,NY,Regular
77,Jeffrey Smith,lwoods@gmail.com,Port James,NH,Regular
78,Angel Burke,dana60@meyers.com,Longbury,AL,VIP
79,Jessica Boyer MD,michael56@gmail.com,North Mia,SD,VIP
80,Jessica Montgomery,paul73@ellis.net,New Kristyberg,MI,VIP
81,Jennifer Carter,cruzmichael@chambers.com,Santosfurt,MS,VIP
82,Thomas Ritter,smoore@gmail.com,East Sara,LA,Regular
83,John Williams,laurablanchard@gmail.com,Cannonmouth,VT,VIP
84,Cheryl Williams,samantha19@huffman-gray.net,Osbornemouth,MI,VIP
85,Mark Lopez,gwalker@harris.org,Port Lindsey,WV,VIP
86,Donald Warner,ochoajames@gmail.com,Lake Jennifer,WY,Regular
87,Lori Johnson,clevine@hotmail.com,West Norman,ID,VIP
88,Theresa Mueller,autumnwilson@bell.biz,Gonzalezbury,NJ,VIP
89,Travis Smith,lindsey94@yahoo.com,Kelleystad,AZ,VIP
90,David West,phillip52@hotmail.com,Ashleymouth,AL,Regular
91,Crystal Smith,wallacemark@gmail.com,North Glennstad,AZ,Regular
92,Taylor Davis MD,jacobgeorge@parker.org,Robertsonmouth,KY,VIP
93,Johnathan Green,ycurtis@yahoo.com,Traceyton,MN,Regular
94,Matthew Webster,robin22@yahoo.com,Rebeccatown,CT,Regular
95,Jonathan Brown,tjuarez@miles.com,East Michaelville,DC,Regular
96,Robert Martin,jacobwest@yahoo.com,Perryside,ME,VIP
97,Stephanie Carrillo,wbrown@hotmail.com,West Stephanie,MT,VIP
98,Ashley Taylor,rebecca22@yahoo.com,Lake Benjaminfurt,KS,Regular
99,Leslie Pierce,brownmatthew@kennedy.com,East Raymond,KS,VIP
100,Joshua Marshall MD,jamie21@yahoo.com,West Sarah,MI,VIP
101,Mark Jimenez,lorirodriguez@yahoo.com,South Perry,MA,VIP
102,Brooke Nelson,joneselizabeth@yahoo.com,New Adamport,ME,VIP
103,Rachel Jensen,timothygilbert@guerrero.com,West Carlaburgh,NE,Regular
104,Wayne Schultz,danaharper@thompson.com,West Hannahview,TN,VIP
105,Amber Acosta,thomas04@gmail.com,Adamchester,GA,VIP
106,Judith Mathis,danielmarks@lewis-brewer.biz,New Phillipchester,NC,Regular
107,Cynthia Edwards,osimpson@andrews.com,South Michael,NJ,Regular
108,Stacey Conrad,nzimmerman@lynch-vang.com,Nicolefort,CT,Regular
109,Anthony Mercado,mariedaugherty@hotmail.com,Williamton,ID,Regular
110,David Peters,warrenamanda@hall-george.org,Edwardsville,FL,Regular
111,Julie Stone,alvaradochristian@johnson-house.com,Lake Donaldland,IL,Regular
112,Scott Stevens,bvalenzuela@perez.com,Jenniferborough,DC,VIP
113,Thomas Christensen,lhartman@walker.com,East Lori,MI,VIP
114,Kevin Lam MD,pholder@black.com,Douglastown,MO,Regular
115,Adam Jordan,grivera@gmail.com,Lauraburgh,WI,Regular
116,Diane Shields,jenkinsbrandi@duncan.info,Evanberg,CA,VIP
117,Steven Dunn,fbarrett@hotmail.com,Port Patriciatown,TX,Regular
118,Stephen Moody,dennisbrown@ortiz.net,New Charlesport,ID,Regular
119,Kevin Mata,ihernandez@yahoo.com,South Jaredmouth,WY,Regular
120,Stacey Davis,vazquezmary@yahoo.com,West Joel,MS,Regular
121,Michael Morse,ruben09@gmail.com,Walkerchester,MI,VIP
122,Ryan Montgomery,latashaerickson@yahoo.com,Joshuaport,MS,VIP
123,James Velez,petersonkerry@gmail.com,Lake Bethanyton,MN,VIP
124,David Olson,boyerbrenda@robinson.org,Larsonchester,WI,Regular
125,Elizabeth Flowers,rjones@nelson-rivera.com,Greenborough,MO,Regular
126,Angela Hanson DVM,jamesevans@yahoo.com,Marquezside,SD,Regular
127,Robert Clay,simsleslie@yahoo.com,Rileyton,MT,VIP
128,Troy Gibbs,rhall@smith-collins.com,Danaborough,WY,VIP
129,Debra Fernandez,jessicalee@mcgee-reynolds.com,Jimenezstad,KY,VIP
130,Becky Stark,matthewelliott@miller.com,Port Jefferyport,RI,VIP
131,Kirk Fisher,khenderson@hotmail.com,Port Danielborough,AL,Regular
132,Allison White,qking@hotmail.com,Johnsonstad,NJ,Regular
133,Crystal King,amydougherty@harris-fisher.com,Monicaside,NC,VIP
134,Paul Garcia,awilliams@yahoo.com,North Anna,MD,VIP
135,Alexandria Lee,romerotracy@hotmail.com,West Andrea,SD,VIP
136,Jeffrey Mcpherson,janet33@adams-harmon.biz,New Megan,VA,VIP
137,Terry Prince,hillsheila@gmail.com,Burgesschester,DE,VIP
138,Martin Nguyen,ramoszachary@yahoo.com,New Troyton,MI,VIP
139,Nicole Vance,mary86@henderson.com,New Christopher,CA,Regular
140,Cory Glass,robertgonzalez@yahoo.com,Lake Isabellaview,NM,VIP
141,Brian Burch,pattersoncaitlin@hotmail.com,Lake Thomas,MA,Regular
142,Amy Moore,lisa37@pena.com,Lake Kimberlyborough,ID,Regular
143,Danny Robinson,daniellezimmerman@hendricks-white.com,Christopherstad,MO,VIP
144,Reginald Vincent,michaeladams@moran-smith.com,Andersonhaven,ND,VIP
145,Ashley Johnson,cynthiablake@yahoo.com,South Tonya,LA,VIP
146,Haley Shaffer,ihunter@hotmail.com,South William,MO,Regular
147,Sergio Johnson,cwalker@yahoo.com,South Jenniferstad,GA,Regular
148,Howard Gutierrez,donald82@harris.info,Rodriguezville,TN,VIP
149,James Woodward,lbarton@hotmail.com,Mckenzieborough,MT,VIP
150,Gerald Gates,loristevenson@morris.com,Gregoryview,FL,VIP
151,Tiffany Barr,jose81@wright-smith.com,Port Jessica,NJ,Regular
152,Aaron Johns,tara75@coleman.info,West Williamberg,NE,Regular
153,Cody Potter,awest@young.com,Kellyberg,SD,VIP
154,Deborah Beck,raymondguerrero@yahoo.com,New Craig,CT,Regular
155,Jeffrey Burgess,isaac29@yahoo.com,Youngberg,AK,Regular
156,Emily Hicks,ccoleman@hotmail.com,Port Christina,NC,Regular
157,John Wright,andrewdiaz@middleton.org,Sanchezmouth,CO,Regular
158,John Jones,bodom@yahoo.com,Lake Veronicahaven,MI,Regular
159,Billy Johnson,andersonnatasha@young.com,East Eddieside,UT,VIP
160,Dr. Katherine Hudson,hawkinsjoel@hotmail.com,New Christian,LA,VIP
161,Michael Peters,xbell@delacruz-ross.com,East Shelly,AK,Regular
162,James Hart,lfernandez@burton-wilkerson.com,North Lisa,IA,VIP
163,Connor Munoz,dunlapkrystal@wilson.biz,Lake Gabrielle,DC,VIP
164,Kristi Nichols,abigail58@hotmail.com,Emilystad,FL,Regular
165,Donald Jensen,gregory64@edwards-foster.org,Cynthiaside,VT,VIP
166,Samuel Walsh,scottmatthew@frazier-green.com,Dillonfurt,LA,Regular
167,Jennifer Reynolds,michaellutz@gmail.com,Monicaview,MO,VIP
168,Kristen Dean,victor35@patel.info,Kathleenbury,AL,Regular
169,Brian Gomez,robert81@yahoo.com,Melissaborough,UT,Regular
170,Carlos Harris,milleranthony@jones.com,Rachelborough,VA,VIP
171,Troy Hall,ronald88@orozco-armstrong.info,Nathanbury,AZ,VIP
172,Darin Dennis,danielsharp@brown.com,North Brent,CA,VIP
173,Jessica Sanchez,tdecker@yahoo.com,Amberport,CT,VIP
174,Mary Mcknight,denniswalker@gmail.com,New Zacharyburgh,NV,Regular
175,Rebecca Owens,todd56@elliott-miller.info,Foxmouth,IN,VIP
176,Adam Jacobs,smithtyler@yahoo.com,Williamsonside,SD,VIP
177,Brian Garcia,james60@howard-russo.com,New Ashley,IN,Regular
178,Kelly King,hsanchez@hotmail.com,Cheryltown,HI,Regular
179,Keith Burke,melinda36@boyer.net,Woodardton,HI,Regular
180,Debbie Anderson,huangjay@hughes.com,Taylorstad,OH,VIP
181,Jeffrey Smith,orozcotroy@shah-vance.com,North Matthew,OH,VIP
182,Timothy Harrison,heidi43@hotmail.com,South Duaneville,TX,VIP
183,Robin Choi,robertsjason@kline-mason.info,Evansville,RI,VIP
184,Samuel Davis,michaelfields@brown.info,West Joshua,MI,VIP
185,Heather Sharp,vschultz@martin.com,East Amandaburgh,NH,VIP
186,Ann Thompson,kelseymoyer@hotmail.com,Samanthaville,MO,VIP
187,Jennifer Caldwell,iprince@dixon.com,Shannontown,WI,Regular
188,Mark Bailey,judymccullough@hotmail.com,New Erin,NV,VIP
189,Cassandra Smith,sswanson@hotmail.com,Matthewborough,NM,VIP
190,David Alexander,tanner77@morgan.com,New Joshua,LA,VIP
191,Rebecca Larson MD,davisrichard@yahoo.com,Cruzside,IL,Regular
192,Amanda Castaneda,pauladkins@gmail.com,Meghanberg,LA,VIP
193,Andrew Hughes,jonathan19@ross.net,Kaitlinfurt,AL,VIP
194,Blake Howard,richard78@smith.com,Wagnerton,GA,Regular
195,Alan Fields,colonbianca@austin.com,Robertborough,NJ,Regular
196,Jenny Gonzales,hawkinschristopher@hotmail.com,Port Jenniferbury,ME,Regular
197,Deborah Nguyen,medinastephanie@carlson.com,Jillview,DC,Regular
198,Mary Bates,rbeard@gmail.com,Timothymouth,PA,Regular
199,Richard Peterson,hayneskellie@hotmail.com,Richardsland,VT,Regular
200,Robert Wade,katelyn63@williams-frederick.com,Bennettland,SD,Regular
201,Erik Robinson,keithfigueroa@gray.com,Lake Lawrence,VT,Regular
202,George Donovan,zmurphy@gmail.com,North Timothy,NH,VIP
203,John Scott,michael11@parker-davis.com,South Edwardton,MI,Regular
204,Tracy Gomez,robertbennett@gmail.com,Mccoyville,TN,Regular
205,Tiffany Woods,renee63@hotmail.com,Craigland,MO,Regular
206,Connor Wood,nfoster@hotmail.com,Terrichester,NE,Regular
207,Kevin Stone,taylortara@gmail.com,West Carolyn,AK,VIP
208,Jennifer Welch,mbell@hotmail.com,Richardchester,OK,VIP
209,Brian Hill,greenrodney@hotmail.com,East Stacy,MO,VIP
210,Donna Smith,heidi72@yahoo.com,Kimberlyborough,MI,VIP
211,Veronica Mendoza,amanda24@morris-fuller.com,Daughertyborough,GA,Regular
212,Ricky Chang,kingjennifer@yahoo.com,Lake Sarah,VT,Regular
213,Joseph Davis,thomaswatson@hotmail.com,Jonathanton,NH,VIP
214,Christopher Allen,hgray@sparks.info,Rogerston,CA,Regular
215,Andrew Burgess,seanmartinez@gmail.com,Holmesbury,UT,VIP
216,Christopher Haynes Jr.,uesparza@walker.net,Jimenezchester,ND,VIP
217,Amy Gilmore,tonya53@yahoo.com,Lake Tiffanyhaven,NJ,Regular
218,Amanda Ramirez,stewartchristopher@yahoo.com,Kimberlyview,NJ,VIP
219,Amanda Larson,virginia92@li-fleming.com,Lindaland,OK,VIP
220,Mary Conley,michaelgarcia@king-walters.com,Lake Tiffanyfurt,SD,VIP
221,Anthony Schroeder,vgordon@hotmail.com,Port Chasefort,MI,VIP
222,Krystal Anderson,thompsonsusan@barker-watson.info,Brandonview,OR,Regular
223,Jean Robinson,qmorgan@gutierrez-kennedy.com,Port Dawnburgh,MI,Regular
224,Antonio Melendez,kristalee@davis.com,New Markstad,LA,VIP
225,Alexander Gilbert,daniel13@zavala-boyd.net,Ruiztown,WI,Regular
226,Melissa Barnett,timothy98@yahoo.com,Lake Dustin,MT,VIP
227,Christina Jones,monica62@yahoo.com,Lake Michael,MN,Regular
228,Shane Gibson,rachelrivera@gmail.com,West Angelaville,ME,Regular
229,Michelle Smith,mitchellvictor@bennett.info,Ryanview,MN,Regular
230,Scott Fowler,eugenehernandez@yahoo.com,Richardchester,IN,VIP
231,Cynthia English,michaellong@hotmail.com,Heathershire,MS,Regular
232,Lindsey Valenzuela,coxdavid@perez.com,West Amy,UT,VIP
233,Victoria Mcdaniel,hcortez@gmail.com,West Justinborough,AZ,VIP
234,Teresa Malone,cmiller@villarreal.net,Danielleton,HI,VIP
235,Cole Williams,smithshelby@yahoo.com,East Erictown,FL,VIP
236,Kevin Salinas,powellgregory@yahoo.com,West Charlesstad,KY,VIP
237,Regina Hurley,jamesgonzales@gmail.com,Claireborough,OK,Regular
238,Jon Gillespie,avilajulia@hotmail.com,Leport,CO,Regular
239,Michele Zavala,uraymond@yahoo.com,Port Edward,RI,Regular
240,Isaac Wilson,ramostina@carpenter.net,Lake Kevinmouth,UT,VIP
241,Amanda Green,enunez@gmail.com,South Stephaniehaven,IL,VIP
242,Jason Willis,latoya20@yahoo.com,Lake Christina,NE,Regular
243,Derrick Mcdonald,bobbymclaughlin@yahoo.com,South Cindyfurt,AK,Regular
244,Michael Smith,osherman@cox.com,Jacquelineland,NH,Regular
245,Lindsay Terry,amanda17@murphy.com,Jonathanville,NY,Regular
246,Sydney Martinez,hartlatasha@hotmail.com,Crystalfort,PA,Regular
247,Kenneth Duffy,williamglass@gmail.com,Jacobsonland,MT,VIP
248,Daniel Ayers,warrenvaldez@lester-davis.com,New Anthonychester,CA,Regular
249,Terry Barton,brooke53@hotmail.com,West Alisha,MI,Regular
250,April Pineda,andersonjeffrey@fisher.com,Lake Brendafort,OK,Regular
251,David Strong,smithroger@edwards.com,South David,OR,VIP
252,Chad Gregory,hcollins@weaver.com,Rubioberg,MO,Regular
253,Daniel Cohen,kimberly56@knox.org,South Scott,NH,Regular
254,Timothy Gomez,gonzalezroberto@gilmore-hernandez.info,Samanthabury,CT,VIP
255,Teresa Wallace,briangreene@gmail.com,East Aaronstad,AL,VIP
256,Brenda Berry,jennifer57@davis.com,Port Kristin,NV,VIP
257,Cameron Harvey,bbell@jones-anderson.com,East Davidmouth,AZ,Regular
258,Megan Munoz,taylorriley@gmail.com,Lowemouth,VA,VIP
259,Tony Moses,irice@gmail.com,East Sarahfurt,NH,Regular
260,Timothy Roberts PhD,salinascynthia@hotmail.com,South Lori,IL,VIP
261,Jason Brown,robinross@sanchez.net,West Normanstad,OR,VIP
262,Brian Clark,jackburgess@gmail.com,Joshuaville,TX,Regular
263,Katrina Cummings,daviskevin@hotmail.com,Jenniferton,VT,Regular
264,Melvin Guerrero,linda97@warren.com,New Janet,IL,Regular
265,Julia Jacobs,michaelgregory@butler.com,West Kristinamouth,WY,VIP
266,Carlos Villanueva,zmelton@yahoo.com,Montgomeryland,NJ,Regular
267,Sara Tyler,emily62@myers-byrd.com,Thomasstad,LA,Regular
268,Lindsey Washington,ysmith@bates-beltran.com,Wangchester,AL,VIP
269,Tyler James,angelawoodward@ramirez-stanton.info,Hernandezburgh,KS,Regular
270,William Olson,mdiaz@gmail.com,Shannonhaven,CT,VIP
271,James Williams,thomas03@whitehead.com,Lambertberg,SC,Regular
272,Mr. Steven Marquez DVM,gambleleslie@hendricks.biz,Millershire,MS,VIP
273,Brian Garcia,osbornekristen@brown.com,New Joseph,NV,Regular
274,Victoria Norris,mccarthycody@yahoo.com,Kelseyfort,AL,Regular
275,Thomas Owen,jeffery03@hudson.com,New Juliaborough,KY,Regular
276,Robert Holloway,samantharobinson@gmail.com,Port Linda,CO,VIP
277,Debra Smith,vmiller@dalton.com,North Derrick,LA,VIP
278,Peter Barnett,helen60@morgan.org,East Adam,VT,VIP
279,Jean Singleton,ashley80@yahoo.com,New Nicoleside,AR,VIP
280,Michael Mcknight,john42@gmail.com,South Mitchellburgh,UT,VIP
281,Timothy Strickland,ojackson@yahoo.com,West Johnstad,DE,Regular
282,Carmen Johnston,gerald44@hotmail.com,Rebeccastad,MT,Regular
283,Michael Walsh,evanmontes@gmail.com,Foxview,UT,VIP
284,James Smith,pamscott@wright-mendoza.com,South Heatherview,OR,Regular
285,Tyler Anderson,twalters@gould.com,Thomasland,NJ,VIP
286,Gregory Ayers,donna19@jordan.biz,Gonzalezhaven,MT,Regular
287,Ashley Rodgers,candace80@hotmail.com,Loganville,ID,Regular
288,Mr. Kirk Gilbert,rodrigueztaylor@gmail.com,South Megan,NE,VIP
289,Kimberly Crawford,nrice@gmail.com,Danielsport,IN,VIP
290,Mr. John Carter DDS,llin@waters.net,Mcdonaldtown,CO,VIP
291,Jennifer Carlson,deborah34@burke.com,Deborahland,SD,Regular
292,Michelle Spears,aaron75@gmail.com,Christophermouth,OR,Regular
293,Clinton Moore,sara14@richards.com,Khanburgh,NJ,Regular
294,Angela Lambert,brian50@yahoo.com,Vickiport,CA,VIP
295,Curtis Taylor MD,bryancaleb@yahoo.com,New Jane,AK,Regular
296,Philip Carter,jamessmith@walsh-herring.com,Flemingville,PA,VIP
297,Catherine Smith,spatel@gmail.com,Elijahton,CO,Regular
298,John Lawson,adkinslindsey@herrera-andrews.org,Ritterborough,IN,Regular
299,Amber Lynch,christy64@willis.com,Port Tina,MT,VIP
300,John Daniels,michaelgomez@gutierrez-cowan.net,Wallaceville,SC,Regular
301,Michael Murphy,bwebb@donovan.com,Andrewland,SC,VIP
302,Christopher Hill,robinsonaustin@gross-thompson.com,Larrymouth,TX,VIP
303,John Carlson,whitneydelgado@gmail.com,North Adamville,ID,VIP
304,Samantha Hill,brandonpearson@gmail.com,Dennishaven,VA,Regular
305,Matthew Ford,johnstoncatherine@smith-graves.org,South Jenniferhaven,IA,VIP
306,Matthew Gordon,warrenjoseph@gmail.com,New Emily,PA,VIP
307,Eddie Ali,clarkhannah@gmail.com,New Heather,TX,VIP
308,Margaret Daugherty,david41@johnson-mcclure.com,Lake Zacharystad,WA,Regular
309,Julie Allen,lsullivan@wilson.org,Erikaborough,MS,VIP
310,Ethan Turner,gabrielharper@hotmail.com,Jessicamouth,IL,Regular
311,Rachael Jacobs,hoffmandoris@obrien-perez.com,Laurashire,NE,VIP
312,Justin Bell,mcbridejeremy@wilson-mcmillan.com,Kristinshire,MD,VIP
313,Robert Hoffman,eric18@yahoo.com,Woodsberg,MA,VIP
314,Alexandra Ortega,johnjones@gmail.com,Chavezshire,IA,VIP
315,Stacy Smith,gjefferson@gmail.com,Smithport,MI,VIP
316,Mr. Mark Lang,zmarquez@roy.org,Nelsonport,MI,VIP
317,Steven Todd,richard80@goodman-romero.com,Nelsonstad,MN,Regular
318,Alisha Hubbard,diana63@hotmail.com,West Joseville,CT,VIP
319,Gary Oneal,barkerryan@gmail.com,Jenniferton,VT,VIP
320,Renee Guzman,steven29@yahoo.com,Alexisside,HI,VIP
321,James Nelson,margaret87@gmail.com,Lesliebury,VT,Regular
322,Mary Walker,watkinsbrooke@wyatt.org,North Georgefort,NJ,VIP
323,Joseph Lewis,uhunter@stevens.info,New Megan,NY,Regular
324,Chase Sawyer,christopherguzman@goodwin.info,South Kimberly,TX,VIP
325,Mr. Richard Townsend,tonya55@yahoo.com,Ruizland,VT,Regular
326,Gabriel Lee,courtneygray@wheeler.com,North Ryanstad,WV,Regular
327,Lauren Patterson,hansenkevin@yahoo.com,South Laura,DE,VIP
328,Ryan Brady,bridgesbrenda@yahoo.com,Gonzalezburgh,CO,Regular
329,Nancy Collins,marissaryan@gmail.com,Lake William,IA,Regular
330,Linda Williams,catherine94@cox-padilla.org,Aguirreton,DC,VIP
331,Christina Phillips,xparker@smith-payne.net,East Angelafurt,GA,Regular
332,Michael Huynh,wagnerangela@goodwin.com,Stevenbury,NH,VIP
333,Daisy Harris,fweaver@gmail.com,North Margaretfurt,PA,Regular
334,Brian Lam,bryan14@gmail.com,West Katrinatown,ND,VIP
335,Susan Brown,fknight@yahoo.com,Lake Henry,WY,VIP
336,Keith Olson,aherrera@conrad.com,Annaton,KY,VIP
337,Sarah Bennett,james46@yahoo.com,Annburgh,SC,Regular
338,Erica Wright,peter11@johnson-palmer.com,West Markfort,WA,VIP
339,Brian Palmer,darnold@yahoo.com,Harrisonhaven,MA,Regular
340,Barbara Thomas,brandonnielsen@hotmail.com,South Meganmouth,NH,Regular
341,Dana Washington,panderson@yahoo.com,Scottland,IA,VIP
342,Wendy Taylor,dale87@welch.com,Annaport,VA,Regular
343,Jennifer Maldonado,thomasjames@gmail.com,Port Edward,NJ,VIP
344,Juan Taylor,crystal92@hotmail.com,West Steven,AL,VIP
345,Daniel Brown,qduran@gmail.com,Fostertown,MA,VIP
346,Matthew Roberts,jason16@nguyen-murray.com,Port Philip,CT,Regular
347,George Martin,lbrewer@gmail.com,Lake Michelleport,OR,Regular
348,Brandon Hall,christine13@gmail.com,Stevenport,CT,VIP
349,Lori Barrera,margaret34@yahoo.com,Ashleytown,MA,VIP
350,Judy Clark,kelly16@frye-torres.net,Barkerfurt,KS,Regular
351,Ian Leonard,carolynpearson@gmail.com,New Tonymouth,AK,Regular
352,Arthur Contreras,patrick30@perez-holmes.com,Port Jacquelineberg,ND,VIP
353,Crystal Morris,ygoodman@serrano.info,Adrianfort,MI,VIP
354,Renee Davidson,conwaycarla@hodge.net,Tonitown,NV,VIP
355,Ryan Young,tfowler@gmail.com,East Scottton,MT,VIP
356,Amber Wolfe,martinezstephen@gmail.com,Stephensfurt,MT,Regular
357,Erin Baker,testrada@shaw.com,Port Kelliton,WA,Regular
358,Jacob King,juan05@gmail.com,Petersonburgh,FL,Regular
359,Michael Benson,jenningsjennifer@mathews.net,Lake Michaelbury,WI,VIP
360,Michael Stanley,pchapman@hill.biz,Robinville,NH,Regular
361,Steven Martin,lisa69@gmail.com,New Courtney,CO,VIP
362,Catherine Rodriguez,eric44@lopez-pruitt.com,Lesliehaven,ND,VIP
363,Heather Thornton,bowersjonathan@yahoo.com,Holmesburgh,CA,Regular
364,Diane Huang,bryanjoseph@yahoo.com,Alexanderburgh,NH,Regular
365,Daniel Nelson,aliciapage@kelly-allen.com,Brianton,KY,VIP
366,Kayla Luna,joycematthew@mitchell-shaw.net,Deanborough,LA,VIP
367,Alexis Malone,angela68@baker-brown.com,Jonesview,NJ,Regular
368,Kevin Salazar,mcguirebryan@ayala.biz,Debrabury,MD,Regular
369,Shannon Nelson,danielkirby@campbell-galloway.com,East Davidside,ND,VIP
370,Kathryn Miller,charles28@hotmail.com,Shanefort,WI,Regular
371,Melissa Hughes,sharris@yahoo.com,Rosston,IN,Regular
372,Eduardo Mcclain,zjones@hotmail.com,Michaelland,AZ,Regular
373,Larry Dunlap,shaun95@yahoo.com,Joshuaburgh,NJ,Regular
374,Thomas Brewer,tburton@lopez.org,Joshuabury,NH,Regular
375,Jennifer Bright,dawnrice@blake.org,West David,IN,Regular
376,Jason Lin,todd13@gmail.com,Denisemouth,OH,Regular
377,Michael Rodriguez,daviskim@hotmail.com,Richardsonbury,LA,VIP
378,Maurice Peters,smithwilliam@farley-brown.net,New Justinstad,OK,VIP
379,Jennifer Aguilar,bradleycarly@gmail.com,Halltown,HI,Regular
380,Edwin Ramirez,barbara77@hotmail.com,South Jasonland,NC,Regular
381,Jordan Cruz,lisajordan@sullivan-smith.com,Armstrongview,MI,Regular
382,Whitney Porter,michael39@jenkins.net,Bakermouth,MN,VIP
383,Fernando Ball,ibrown@jacobs.com,Myersshire,SC,VIP
384,Dr. Curtis Bartlett,lovejacqueline@reyes.info,North Ericshire,NH,VIP
385,Megan Vaughn,cynthiaenglish@yahoo.com,Nathanfurt,CA,VIP
386,Mary Myers,kmendez@moore-turner.biz,Ericaborough,RI,Regular
387,Jason Watts,erin23@gmail.com,Tyroneton,DE,Regular
388,Amy Villanueva,geoffreyrich@hotmail.com,West Brian,WV,Regular
389,Stephanie Gibbs,ryancardenas@hoffman-white.com,South Walter,NV,Regular
390,Tiffany Mack,amysummers@yahoo.com,Port John,NJ,Regular
391,Heather Shepherd,jessica25@hoffman.com,Lake Sarahfurt,CO,Regular
392,Rachel Singleton,gvega@gmail.com,Port Brandon,TN,Regular
393,Mr. Brian Mann,fharris@gmail.com,South Jessicaview,MD,Regular
394,Brett Moore,jonesdennis@hotmail.com,Kevintown,MD,VIP
395,Sean Williams,allison38@walters.biz,Kimmouth,MI,VIP
396,Patricia Vang,balljacqueline@floyd-fernandez.net,Lake Jillian,CT,VIP
397,Jeffrey Young,schultzkatie@harris-davies.com,Marciahaven,SD,Regular
398,Johnny Gray,nicholerobertson@murphy.com,Stephaniestad,MO,VIP
399,Timothy Jordan,cparrish@hotmail.com,Ericland,SD,Regular
400,Jon Palmer,diazjennifer@hotmail.com,South Derekberg,MS,VIP
401,Kimberly Ward,smithtodd@marshall-harris.biz,Danielville,DE,Regular
402,Mikayla Bishop,obrienkatherine@smith.net,Aprilton,NE,Regular
403,Keith Johnson,stephanierose@gmail.com,Port Alvin,SD,Regular
404,Bill Knapp,earlmccarthy@gmail.com,South Kevin,CT,Regular
405,Terry Swanson,erica05@sellers.com,Port Mckenzieview,MO,VIP
406,Ms. Leslie Fernandez,thompsonsara@yahoo.com,East Jenniferview,UT,VIP
407,Jennifer Davis,cpham@gmail.com,Bartonmouth,DE,Regular
408,Darrell Jimenez,angela95@yahoo.com,Harveyside,SC,VIP
409,Mark Black,douglas05@ross.net,Landrychester,AK,VIP
410,Jennifer Jones,cheryl90@yahoo.com,Solomonburgh,WV,Regular
411,Christopher Singh,wle@gmail.com,Mooreview,MA,Regular
412,Carlos Neal,sandra79@yahoo.com,Lake Adrianaberg,TX,Regular
413,Stephanie Herrera,sarah34@williams.com,East Josephland,HI,VIP
414,David Phillips,williamsheidi@vazquez-castillo.com,New Alexander,AL,Regular
415,Taylor Schneider,yroberts@hotmail.com,Christyborough,GA,Regular
416,Dorothy Smith MD,annette61@yahoo.com,East Jennifer,WI,Regular
417,Michelle Taylor,robert09@gmail.com,Cookberg,TN,VIP
418,Anthony Harris,icruz@bennett.com,Davisland,MA,Regular
419,Randy George,cochranvirginia@gmail.com,West Shannon,MI,VIP
420,Daniel Cox,vwhite@yahoo.com,Robertton,VT,VIP
421,Stephen Garcia,csheppard@yahoo.com,Georgechester,NM,Regular
422,Kyle Lee,iadams@yahoo.com,Derrickhaven,NJ,Regular
423,Nicholas Brown,johnsontammy@porter.info,West Karen,WI,VIP
424,Tammy Carter,mitchellthomas@hotmail.com,Bennettchester,MS,Regular
425,Jennifer Flynn,wwood@blackwell.com,Moorehaven,AZ,VIP
426,Pamela Bell,fjohnson@williams-ferguson.com,Rodneyberg,GA,Regular
427,Kelly Davis,marquezlee@benjamin-cabrera.info,New Lori,AL,Regular
428,Alison Anderson,josephsimmons@bell.com,North Chelsea,AZ,Regular
429,Penny Fitzpatrick,blopez@thomas.com,South Jason,VT,Regular
430,Lisa Kent,serranopatricia@herring-sanchez.com,Port Jessica,ID,Regular
431,Angela Wilson,dbarr@hotmail.com,Port Kevinmouth,TX,Regular
432,Melanie Jensen,floresfrank@yahoo.com,Colonbury,MT,VIP
433,Sarah Smith,gina04@hotmail.com,South Stephanieside,GA,Regular
434,Jordan Simpson,iwells@yahoo.com,Richardbury,NE,VIP
435,Paul Cardenas,patrickpayne@yahoo.com,Lake Eric,IL,Regular
436,Monica Munoz,thomasnicholas@rogers.com,Glenberg,AZ,VIP
437,Victoria Montoya,garyshepard@hotmail.com,New Timothystad,MA,Regular
438,Emily Nunez,joannacochran@hotmail.com,Blackwellland,CA,Regular
439,Samantha Guzman,smithbrittany@clark.org,Barnettborough,VT,VIP
440,Mariah Barker,moorejessica@hoffman-hogan.net,North Ricardo,AR,VIP
441,Dakota Berry,tatepatricia@yahoo.com,Guerrerotown,NC,VIP
442,Aaron Hull,robertjohnston@davis.com,Lynchmouth,NM,Regular
443,Tracy Flores,cindy19@gmail.com,Lovehaven,OR,VIP
444,David Santana,roger41@norman.org,New Sharonhaven,MA,VIP
445,Bryan Moore,okelley@foster.com,West Jeffrey,GA,VIP
446,Ellen Michael,sabrinavalentine@yahoo.com,Yvonnemouth,IL,VIP
447,Caroline Austin MD,jennifernguyen@yahoo.com,Walkerland,WI,Regular
448,Kyle Knight,rflowers@abbott.com,Port Karen,ND,VIP
449,Erica Avila PhD,wsmith@yahoo.com,Lamborough,CO,Regular
450,Terry Conway,katiesmith@cox.com,Stephensonberg,RI,Regular
451,Brian Johnson,robbinsandre@yahoo.com,East Davidshire,NJ,VIP
452,David Ortiz,amyerickson@fowler.com,Port Heather,OH,Regular
453,Brooke Turner,shieldsjacqueline@ford.org,Granthaven,NH,VIP
454,Scott Williams,emiller@ford.com,New William,MN,VIP
455,Mark Taylor,annascott@gmail.com,Micheleport,MD,VIP
456,Andrew Garrett,john50@irwin.com,New Virginialand,AK,VIP
457,Christine White,jesselamb@hotmail.com,East Sarah,WA,Regular
458,Adam Davis,rhernandez@ward.info,Huntview,AR,VIP
459,Angela Cherry,robert66@flores.com,Tanyastad,MT,Regular
460,Linda Camacho,jennifermartin@hotmail.com,Williamsshire,MD,Regular
461,James Washington,kellynatalie@holland.net,Port Courtneyview,SC,Regular
462,Martin Rodgers,xgross@brown.com,Kevinside,IA,VIP
463,John Molina,kimthomas@mccann.info,Katherinestad,WV,VIP
464,Heather Hunt,stoneapril@gonzalez-parker.com,North Austin,AK,Regular
465,Kevin Williams,cervantespamela@hotmail.com,North Michael,UT,VIP
466,Maureen Harris,alexandria65@hotmail.com,Lake Meganfurt,DE,VIP
467,Susan Moore,howardcarrillo@romero.com,Lake Yvonne,OR,VIP
468,Christopher Davis,thomas16@hotmail.com,East Markport,NC,VIP
469,Victoria Castillo,christian75@white.biz,West Megan,VA,Regular
470,Travis Hart,jose33@barrera.com,New Timothyhaven,OK,Regular
471,Jill Diaz,thomasdunn@yahoo.com,South Eric,ID,VIP
472,Sonia Hickman,stacey87@perez.com,Martinberg,VT,VIP
473,Miranda Jennings,morganthomas@yahoo.com,Howardland,CO,VIP
474,Autumn Obrien,matthew36@roberts-pena.net,Ruthchester,AZ,Regular
475,Sara Howell,ronaldfoley@yahoo.com,New Paulmouth,GA,Regular
476,James Terrell,khuber@yahoo.com,Brettmouth,NH,Regular
477,Anita Robinson,othomas@bishop-hoffman.com,East Christina,PA,VIP
478,Anthony Castro,laurenlang@newman.com,Robertland,MT,Regular
479,Russell Wilson,jacqueline36@yahoo.com,Larsenstad,LA,VIP
480,Marisa Moore,karenthompson@gray.info,Brandonville,GA,VIP
481,Michelle Gilbert,andrew38@gmail.com,Moorestad,NE,Regular
482,Ashley Myers,justinjohnston@johnson.com,Larsonberg,ND,VIP
483,Linda Morales,burnsaaron@willis-moore.com,North Alexandra,NJ,VIP
484,Kevin Green,hunterpatricia@warner.com,North Valerie,NJ,VIP
485,Richard Horne,dreyes@hotmail.com,North Elizabethport,RI,VIP
486,Nancy Keith,sethray@hotmail.com,Romerohaven,CA,VIP
487,Robert Williams,daysherry@hotmail.com,Anitaberg,GA,VIP
488,Ashley Garcia,bailey96@yahoo.com,New Heather,RI,Regular
489,Bonnie Kelley,angelaperkins@cruz-gonzalez.com,South Williamside,MO,Regular
490,Aaron Garcia,rebeccahamilton@barnes-gomez.org,Jodiport,VA,Regular
491,Megan Lynch,mezamichelle@gonzalez.com,Ashleyfurt,HI,Regular
492,Thomas Peters Jr.,parsonsdebra@gutierrez-webb.org,New Sarah,NM,VIP
493,Alexandria Clark DDS,chandlerlaura@glenn.com,Carterland,NH,VIP
494,Austin Patrick,heathergill@gmail.com,South Lauren,CA,Regular
495,Lisa Martinez,vjenkins@wilson.com,Tamaraburgh,OK,VIP
496,Lisa Wilson,amanda84@gmail.com,Alisonburgh,WV,Regular
497,Shannon Smith,jesse59@gmail.com,South Breannachester,AR,Regular
498,Catherine Gallegos,brownsharon@hotmail.com,Lake Tiffanyland,AK,VIP
499,Robert Miller,nealjames@alvarado.com,Jasonland,SD,VIP
500,Christina Roberts,sbennett@anderson.org,Lake Alexander,IN,Regular
